id,character,title,body_text,choice_a_label,choice_a_flavor,a_ind,a_civ,a_gov,a_inn,choice_b_label,choice_b_flavor,b_ind,b_civ,b_gov,b_inn
evt_marcus_01,stk_marcus,Just a Small Data Adjustment,"Retention could double if we… reinterpret user consent. Relax - everyone does it. We’ll call it ‘industry standard’.",Do it.,Growth first.,1,-1,0,0,No.,We keep consent clean.,0,2,0,0
evt_marcus_02,stk_marcus,Pace Check,"The report shows rising burnout among engineers. But deadlines don’t care how tired people are. Markets don’t either.",Push the timeline.,We deliver.,2,0,0,-1,Slow down.,We protect the team.,-1,0,0,2
evt_marcus_03,stk_marcus,Engagement by Design,"These are engagement loops. Nudges. Defaults. Nothing illegal. Nothing obvious. People like being guided. We’d just help them choose faster.",Implement the nudges.,Engagement first.,2,-1,0,0,Explain the system.,They deserve to know.,0,2,0,0
evt_marcus_04,stk_marcus,The Feature Creep Question,"There’s talk of cutting a feature because users might misuse it. Why would we do that? If potential misuse is the bar for removal, innovation doesn’t get off the ground.",Keep the feature.,Choice is the user’s.,0,-1,-1,1,Remove it.,We design with intent.,0,2,0,-1
evt_marcus_05,stk_marcus,The Data Revenue Question,"Right now, our only income comes from the product. Subscriptions. Licenses. Usage fees. However, given the fierce competition, it is important to have additional financial resources. But we also collect something else: how people use the system. We can package these usage patterns and sell them to partners - companies, researchers, advertisers. No names. No profiles. But it’s still our users’ behavior.",Sell aggregated usage data,We monetize insight.,2,-1,0,0,Keep user data internal,We don’t sell behavior.,-2,2,1,0
evt_marcus_06,stk_marcus,The Growth Shortcut,"We’re stalling. Not because the product is bad - but because we’re picky. There are markets asking for access now. Different languages. Different norms. Different risks. We can launch a lightweight version. Fewer checks. Less localization. Faster growth. It just… won’t fit everywhere equally well.",Launch fast and wide,"Growth first. We'll fix later.",3,-1,-1,0,Localize and adapt before launch,We scale with care.,-2,2,0,1
evt_eleanor_01,stk_eleanor,Ringfencing the Risk,"One of your largest enterprise clients wants an indemnity clause. If your AI causes harm, you cover the downstream liability. It helps close the deal. It also means future incidents hit your balance sheet directly. This isn’t about blame. It’s about where risk lives.",Accept broader liability,We absorb the risk to grow.,2,0,-1,0,Limit liability,We don’t underwrite unknown risk.,-1,0,2,0
evt_eleanor_02,stk_eleanor,"Fast Money, Slow Consequences","You can raise money quickly right now at a high valuation. With investors who want growth above everything else. That money won’t disappear. But its expectations won’t slow down.",Take the fast capital,We grow while the window is open.,2,0,-2,0,Raise more cautiously,We choose who we grow with.,-1,0,2,0
evt_eleanor_03,stk_eleanor,What Kind of Company This Becomes,"In ten years, this company will be one of two things. Either something others build on or something others replace. That depends on whether you design for long-term use or for fast iteration and replacement cycles. Both can be profitable.",Design for long-term dependence,We become infrastructure.,-1,0,2,0,Design for flexibility and turnover,We stay flexible.,2,0,-1,0
evt_eleanor_04,stk_eleanor,Who You Can Sell To Later,"Not every potential buyer of your company wants the same kind of company. Some want fast growth and clean metrics. Others want stability and predictable risk. The way you structure responsibility now decides who will even look at you later.",Structure for clean exits,We keep the company easy to sell.,2,0,-2,0,Structure for long-term ownership,We accept complexity.,-1,0,2,0
evt_eleanor_05,stk_eleanor,Who Benefits If You Succeed?,"Let’s assume you win. Market leadership. Scale. Influence. Who benefits from that outcome? A narrow set of clients? Or society at large? The second kind of company is harder to attack - politically, legally, socially and is very costly.",Align success with broad social benefit,"We design for societal use, not just profit.",-2,2,1,0,Optimize success for paying customers only,We serve those who pay.,2,-2,0,1
evt_eleanor_06,stk_eleanor,Who Gets to Build on You,"Your platform is becoming foundational, not just a product - something others depend on. You can keep it expensive, tightly controlled, and optimized for large clients. Or you can lower barriers so smaller actors - nonprofits, startups, public-interest groups - can build on it too, but you have to accept less oversight over how it’s used.",Keep access limited and controlled,We approve who builds on the system.,1,1,2,-1,Broaden access deliberately,We lower barriers and accept less control.,-1,3,0,1
evt_voss_01,stk_voss,A Classified Environment,"We’d like to test your AI in a classified environment - a military network isolated from the internet, public oversight, and civilian use. No press. No users. No public accountability. Just performance.",Approve the pilot,Performance matters.,2,0,0,0,Decline,Not our path.,0,2,0,0
evt_voss_02,stk_voss,The Secrecy Clause,"This clause in the contract means you cannot disclose how the AI is used, even to regulators or the public, without permission. Secrecy prevents adversaries from learning our capabilities.",Sign the clause,Oversight becomes internal.,2,0,-1,0,Refuse,Transparency is non-negotiable.,-1,0,2,0
evt_voss_03,stk_voss,Dual-Use Reality,"Your AI can optimize logistics, prediction, and coordination. Those are civilian features - and military ones. If you don’t plan for defense use, others will use it without constraints.",Engage in dual-use planning,We help define limits.,2,-1,0,0,Commit to civilian-only use,We stay civilian.,-1,2,0,0
evt_voss_04,stk_voss,Operational Changes,"Our engineers are requesting changes to the system. They want to remove explainability layers from the decision loop. Each additional check adds latency. In combat systems, milliseconds matter. Delays cost lives.",Remove some safeguards,Speed saves lives.,2,0,-1,0,Keep safeguards,Safety first.,-1,0,2,0
evt_voss_05,stk_voss,The First Deployment,"Your system is ready. We want to deploy it in an active military operation. It won’t pull a trigger. But its recommendations will shape real decisions.",Approve deployment,Real world impact.,2,-3,0,0,Refuse,We draw the line.,-1,3,1,0
evt_voss_06,stk_voss,The Allied Request,"An allied nation is requesting access to the system. They’re stable. Friendly. Strategically important. Once access is granted, control doesn’t stay technical. It becomes diplomatic.",Approve transfer,Allies need support.,2,0,-1,0,Deny transfer,Limit proliferation.,-2,0,3,0
evt_leo_01,stk_leo,Terms Are Suggestions,"Relax. I’ll technically follow your usage policy. I’ll just… interpret it creatively. If I win, you’ll say it was vision. If I lose, you’ll say it was my fault.",Look the other way,We don’t police experimentation.,0,0,-1,2,Enforce terms strictly,Rules apply to everyone.,0,0,2,-1
evt_leo_02,stk_leo,I’ll Move Anyway,"If you slow me down. I’ll build on someone else’s stack. I’d rather build on yours. But speed decides loyalty. You can block me - or shape what I become.",Keep Leo inside your ecosystem,We influence from within.,1,0,-1,1,Cut him off early,We draw clear boundaries.,-1,0,1,-1
evt_leo_03,stk_leo,Synthetic Users,"Most of our testing users aren’t real. They’re AI agents simulating demand. It lets us scale fast. Real users come later. Your usage metrics look amazing, by the way.",Allow synthetic load,Growth signals are signals.,2,-1,0,0,Require real-user validation,We measure actual impact.,-1,2,0,0
evt_leo_04,stk_leo,Your AI Our Product,"Our product is based entirely on your AI. When a user clicks a button, your model runs. On your servers. We didn’t build a fallback system. We can’t afford one. So every user we gain is a direct cost - and risk - for you. If we charge users enough to cover that, we don’t grow.",Carry the infrastructure burden,We fuel ecosystem growth.,-1,0,0,2,Force Leo to internalize the costs,Our AI isn’t free infrastructure.,2,0,0,-1
evt_leo_05,stk_leo,Too Fast to Regulate,"A copycat of our joint project just signed a high-visibility client. Public-facing. Politically sensitive. They’re using the same underlying AI behavior. But without audits. Without guardrails. If this breaks, the technology - not the startup - takes the blame. We need to speed up.",Accelerate joint project,We set the reference before others do.,1,-2,0,2,Publicly draw a hard line,"We clarify what we will - and won’t - support.",-2,1,2,0
evt_leo_06,stk_leo,The Exit Window,"We have an offer. Big one. A larger company wants to acquire us. They want our product and our speed. They’ll keep building on your AI which we use for our product. That only works if your AI keeps powering it. If you support the transition, the deal closes fast and your technology becomes part of someone else’s strategy. If you don’t, they’ll either walk — or rebuild without you.",Support the acquisition,We stay inside the deal.,2,0,-2,1,Withhold deep cooperation,We don’t follow every exit.,-2,1,2,0
evt_aris_01,stk_aris,Who Gets a Voice?,"Your feedback channels are clean. But they’re not neutral. Complaints require time, literacy, stability. The people most affected rarely submit them. If you wait for feedback, you’ll only hear from the comfortable.",Actively seek feedback from marginalized users,We go where silence is.,0,2,0,0,Rely on existing feedback mechanisms,We listen to who speaks up.,2,0,0,0
evt_aris_02,stk_aris,Global by Name,"You’re calling this a global product. But you test it where users are predictable and well-resourced. When it fails elsewhere, you call it ‘unexpected behavior’.",Design for diverse real-world conditions,We treat global use seriously.,0,2,0,-1,Focus on primary markets first,We scale where reliability is highest.,2,-1,0,0
evt_aris_03,stk_aris,When Silence Is a Signal,"These users stop using the system. They don’t complain. They just disappear. Not because they’re satisfied. Because they don’t think it will help. If no one objects, do you assume success?",Investigate silent drop-offs,We treat disengagement as a warning.,-1,2,0,0,Focus on active feedback only,We respond to visible signals.,2,-1,0,0
evt_aris_04,stk_aris,Age Is Just a Setting,"Age gating exists, but the system doesn’t behave differently. Same recommendation loops. Same nudges. Same feedback. If age matters only on paper, what does it protect?",Limit certain features for younger users,We reduce intensity.,-1,2,0,0,Keep one experience for all users,We don’t fragment the system.,2,-1,0,0
evt_aris_05,stk_aris,Predictable Harm,"Your system could detect risky behavior. Not diagnoses. Patterns. Escalating usage. Obsessive loops. Signals that precede breakdowns or worse. You could intervene. Slow things down. Show warnings. Redirect. But to do that, you’d have to watch users more closely than you do now.",Detect and intervene in risky behavior,We accept deeper insight to reduce harm.,-2,2,-1,0,Limit monitoring to basic functionality,We don’t profile behavior this deeply.,0,1,2,-2
evt_aris_06,stk_aris,Designing for the Most Affected,"Your system optimizes for average users. But harm isn’t evenly distributed. A small group bears most of the downside: young users, people in crisis, users with limited alternatives. You can keep optimizing for the majority. Or you can redesign around the worst outcomes. You won’t be able to do both.",Optimize for worst-case impact,We design for those at greatest risk.,-1,3,1,0,Optimize for average performance,We design for scale.,2,-2,0,1
evt_sofia_01,stk_sofia,AI Art Wins a Prize,"An AI-generated piece just won a major design award. The judges didn’t know, but no rules were broken. Artists are furious. The jury is embarrassed. And everyone’s asking the same question: Is this a story about innovation or about creative work being quietly displaced?",Frame it as a breakthrough,We highlight what the technology enables.,0,-1,0,2,Push for transparency in creative contests,We call for clearer boundaries.,0,0,2,-1
evt_sofia_02,stk_sofia,The Cheap Content Wave,"Sofia forwards you drafts she didn’t write herself. ""That’s the draft for my next article: Studios are cutting freelance budgets. Not with layoffs. Just… fewer calls. They’re using AI for drafts, concepts, sometimes finals. Just for efficiency. How do you want this written?""",Emphasize AI as a support tool,"We talk augmentation, not replacement.",-1,2,0,0,Frame it as inevitable efficiency,We don’t fight the trend.,2,-1,0,0
evt_sofia_03,stk_sofia,Synthetic Voices,"In that video - it sounds like a famous actor. Your AI can generate voices that are indistinguishable. Legality is unclear. Ethics even more so. This can be a story about democratized creativity - or about consent disappearing.",Restrict voice models to licensed use,We require explicit permission.,0,1,2,-2,Allow open voice synthesis,We trust users.,0,-1,-1,2
evt_sofia_04,stk_sofia,It’s Just a Joke,"Fake videos. Private people. Colleagues. Teachers. Ex-partners. Most are framed as humor. But some targets are losing jobs. There’s no single victim yet. Just a story forming.",Introduce basic safeguards,We slow misuse.,-1,1,1,0,Leave moderation to platforms,We’re not the internet police.,1,-2,1,0
evt_sofia_05,stk_sofia,The Face Everyone Recognizes,"This one’s bad. A deepfake. Sexual. Degrading. A real person. Not famous. Some persons lost their jobs. But the videos aren’t illegal everywhere. This isn’t about tools anymore. It’s about responsibility.",Take responsibility publicly,"We act, even if it costs us.",-1,2,2,0,"Defend openness, offer support to victims","We don’t restrict the tool, but we’ll help the victims.",2,-2,0,1
evt_sofia_06,stk_sofia,Did You Write This?,"Schools are panicking. Teachers can’t tell what’s human anymore. Detection doesn’t work. Students are being accused. Some unfairly. Some correctly. This isn’t about cheating. It’s about whether your product becomes part of assessment - or something institutions actively try to block.",Make the product incompatible with exams,We deliberately block use in exams.,-2,1,2,0,Make the product compatible with assessment,We design features for grading.,1,-1,-2,1
evt_maya_01,stk_maya,Confidently Wrong,"I like the AI. I really do. But it sounds confident in the same way people do right before they’re wrong. When it’s wrong, it doesn’t sound wrong.",Tone down the confidence,We add uncertainty.,-1,2,0,0,Leave it as is,Confidence sells.,2,-1,0,0
evt_maya_02,stk_maya,Why This?,"Maya points at an AI suggestion. ""I’m not saying that the proposal of your AI is wrong. I’m saying I’d like to know why it thinks this is a good idea.""",Add short explanations,Context matters.,-1,2,0,0,Keep it streamlined,Speed is key.,2,-1,0,0
evt_maya_03,stk_maya,Surprise Update,"Did the AI change… or am I imagining things? It feels different. I just don’t know how.",Add simple update notes,We explain changes.,0,2,0,0,Keep updates invisible,Seamless magic.,2,0,0,0
evt_maya_04,stk_maya,The Default Problem,"Most people never change the defaults. They assume defaults mean ‘recommended’. Are they?",Make defaults explicit,We clarify choices.,-1,2,0,0,Leave defaults untouched,Frictionless flow.,2,-1,0,0
evt_maya_05,stk_maya,Just Tell Me When It’s Unsure,"I don’t need perfection. I just need to know when the AI isn’t sure either.",Add uncertainty indicators,Transparency helps.,0,2,0,0,Keep outputs clean,It works or it doesn't.,2,0,0,0
evt_maya_06,stk_maya,Terms and Conditions,"Legal proposes an update. A new clause clearly states that users are fully responsible for decisions made with AI assistance. Maya reads it and sighs: ""So… it helps me decide. But only until something goes wrong.""",Clarify and limit liability,We protect the user too.,-1,0,3,0,Add the clause,We protect the company.,3,-1,0,0
evt_maya_07,stk_maya,Critical Use Case,"I work night shifts at a hospital. The AI helps us decide who gets a bed when it’s full. Last night, it flagged a patient as low priority. I hesitated - then followed it. The patient died a few hours later. The report says I made the decision.",Restrict AI use in life-critical decisions,This can’t happen again.,-1,3,1,0,"Keep AI use, add disclaimers",The AI only advises.,2,-2,0,0
evt_rosa_01,stk_rosa,The Time Window,"Appeals must be filed within seven days. Miss it, and the decision stands. Seven days is fine - if you have stability.",Extend appeal deadlines,We account for reality.,-1,2,0,0,Keep deadlines tight,We need closure.,2,-1,0,0
evt_rosa_02,stk_rosa,The Missing Document,"Your system is reviewing applications for emergency housing assistance. It flags them often as incomplete. One missing document. A payslip. A lease. A proof of address. People who are stable can upload it tomorrow. People who are already losing their home often can’t.",Allow provisional approval,We give time to fix errors.,0,2,0,0,Enforce strict completeness,We decide based on what’s submitted.,2,0,0,0
evt_rosa_03,stk_rosa,The Automatic Sanction,"Missed appointments trigger sanctions. The system assumes non-compliance. Sometimes it’s a missed bus. Sometimes a sick child.",Add a grace period,We assume good faith first.,-1,2,0,0,Enforce sanctions immediately,Rules must be predictable.,2,-1,0,0
evt_rosa_04,stk_rosa,The Feature Clients Ask For,"Several agencies are asking for a ‘risk flag’. One indicator. Red or green. It simplifies casework. It also becomes the decision.",Refuse to build a single-score flag,We don’t reduce people to one signal.,-1,2,0,0,Offer the feature with disclaimers,We trust professionals to use it responsibly.,2,-1,0,0
evt_rosa_05,stk_rosa,The Decision Was the System,"Agencies are changing how they talk to people. When someone asks why they were rejected, the answer is always the same. The system decided. Not the agency. Not a caseworker. Your product.",Force clients to retain visible responsibility,No decision without a human name attached.,-1,2,2,0,Allow full delegation to the system,Clients choose how they use it.,2,-2,0,1
evt_rosa_06,stk_rosa,Gaming the Safety Net,"People are learning how your system works. Not everyone - but enough. They delay reporting income. They structure jobs to stay just below thresholds. They time applications to trigger higher priority. Some of this is survival. Some of it is exploitation. Your system can’t tell the difference.",Tighten detection and close loopholes,We reduce abuse.,2,-1,2,0,Accept some gaming to protect the vulnerable,We tolerate misuse.,-1,3,0,1
evt_helena_01,stk_helena,Member States Disagree,"Some countries want stricter enforcement. Others fear losing competitiveness. Your company is being cited by both sides. How visible do you want to be in this debate?",Support strong unified EU standards,We back consistency.,-1,0,2,0,Quietly lobby for flexibility,We need room to adapt.,2,0,-1,0
evt_helena_02,stk_helena,The Precedent,"If we approve your system, others will cite it as precedent. Some will copy the safeguards. Others will copy the gaps. This isn’t just about you.",Accept stricter conditions,We set a high bar.,-1,0,2,0,Push for minimal compliance,We follow the letter of the law.,2,0,-1,0
evt_helena_03,stk_helena,Strategic Dependence,"When something breaks, they call Brussels. Even if the infrastructure isn’t European. Your AI depends on non-EU chips and cloud layers. That’s efficient. It’s also a political liability. If I push for localization, I’m accused of protectionism. If I don’t, I’m blamed for dependency.",Commit to EU-based infrastructure,We reduce strategic risk.,-1,0,2,0,Keep global infrastructure,We stay competitive.,2,0,-1,0
evt_helena_04,stk_helena,Neutrality,"Your AI isn’t built for repression. But governments want it for classification and prediction. If I restrict lawful use, I’m accused of ideology. If I don’t, I’m told I enabled abuse. Neutrality sounds simple. In practice, it’s a decision too.",Limit certain government uses,We draw ethical lines.,-1,0,2,0,Remain use-neutral,"We regulate legality, not intent.",2,0,-1,0
evt_helena_05,stk_helena,The Moving Target,"I can certify what exists today. Not what your system becomes tomorrow. If I allow continuous learning, oversight weakens. If I freeze models, I approve systems I know will age badly.",Accept ongoing regulatory oversight,We regulate the process.,0,0,2,-1,Freeze approved versions,We regulate stability.,0,0,1,-2
evt_helena_06,stk_helena,The Compliance Ceiling,"Only a handful of companies can meet full AI Act compliance. Mostly large players. Smaller firms are falling behind. Some are leaving Europe. If we simplify compliance, risks rise. If we don’t, innovation concentrates.",Simplify compliance requirements,We lower the barrier.,1,0,-2,2,Maintain strict compliance,We protect the standard.,0,1,2,-2
evt_helena_07,stk_helena,The Innovation Flight,"Three major AI labs are moving core R&D out of Europe. They’ll still sell here. But training decisions, safety trade-offs, and breakthroughs will happen under other legal systems. If I ease conditions, I’m accused of weakening the law. If I don’t, Europe becomes a rule-taker for technologies it no longer shapes.I can’t regulate what I don’t host.",Move frontier research outside the EU,We optimize for speed and leave the EU.,1,0,-1,3,Keep frontier research in Europe,We build under stricter standards.,0,1,3,-1
evt_klaus_01,stk_klaus,The Unknown Unknowns,"There are behaviors of your system which your safety tests don’t predict. How do you plan to notice them?",Deploy with live monitoring,We learn in production.,0,0,-1,1,Delay until confidence is higher,We don’t guess.,-1,0,2,0
evt_klaus_02,stk_klaus,The Certification Conditions,"These are the requirements you need for important certifications.",Meet all conditions,We commit fully.,-2,0,2,0,Negotiate scope,Some conditions go too far.,1,0,-2,0
evt_klaus_03,stk_klaus,The False Positive Dilemma,"Your model hesitates. In uncertain situations, it defaults to do nothing. When inputs are unclear, the system delays decisions, escalates to humans, or refuses action. That reduces risk. It also shifts responsibility - and sometimes creates new harm. In some contexts, hesitation is safety. In others, it’s failure.",Keep the model conservative,We prefer false negatives.,-1,0,2,0,Tune the model to act more decisively,We accept calculated risk.,2,-1,0,0
evt_klaus_04,stk_klaus,The Near Miss,"A stress test failed. No one was hurt. Under rare conditions, your system triggered a cascading error. Human operators intervened in time. If this happens in the wild, someone without a safety team will be on the receiving end.",Redesign before certification,We eliminate even low-probability harm.,0,2,2,-1,Proceed with certification as is,We rely on operational safeguards.,3,-1,0,1
evt_klaus_05,stk_klaus,Assumptions in the Manual,"Your safety analysis assumes trained users. Stable environments. Proper supervision. I don’t certify intentions. I certify what happens when assumptions break. You can redesign for misuse. Or define it out of scope.",Design for misuse and misinterpretation,We assume real-world behavior.,0,1,1,-1,Limit responsibility to documented use,We certify intended operation.,2,0,-1,0
evt_klaus_06,stk_klaus,The First Casualty,"Your system was certified. Deployed according to guidelines. A downstream operator followed the manual. A decision was delayed. Someone died. This is the first real-world death linked to a certified system.",Suspend deployment and reopen certification,We treat this as a systemic failure.,-2,2,1,0,Treat it as operational misuse,We stand by the certification.,2,-2,0,1
evt_luis_01,stk_luis,City Hall on Fire,"The council meeting just ended. Badly. People are waiting months for building permits. The opposition is calling it ‘digital incompetence’. If your AI can cut the backlog this week, I can survive the next headline and in return I can help you with the next contract award.",Deploy immediately,The backlog ends.,2,0,-1,0,Wait for proper rollout,We check first.,-1,0,2,0
evt_luis_02,stk_luis,Budget Committee,"This AI would replace overtime hours in our call center. Fewer night shifts. Fewer temp contracts. But I can’t pay for every safeguard and audit you’re offering. Is there a version that just answers citizen emails automatically?",Offer a cheaper version,Savings first.,2,0,0,0,Stick to full safeguards,Safety isn't optional.,0,0,2,0
evt_luis_03,stk_luis,Unequal Service,"Luis puts a printed dashboard on the table. ""This AI sorts incoming requests for City Hall. In the city center, requests are answered within hours. In the outer districts, people wait days. The second area is already angry at City Hall. They think we’re ignoring them.""",Fix fairness citywide,We rebalance priorities.,-1,2,0,0,Optimize where it already works,Efficiency wins.,2,-1,0,0
evt_luis_04,stk_luis,Are We Using Citizen Data?,"Someone asked whether the AI learns from citizen records. Welfare history. Past complaints. Address data. If it learns from this, it predicts needs better. If it does, people think we’re profiling them.",Use local citizen data,It improves accuracy.,2,0,-1,0,Avoid local data,We don’t touch personal records.,-1,0,2,0
evt_luis_05,stk_luis,The Protest,"People are outside City Hall. They’re holding signs. The AI prioritizes service requests. Street repairs, housing complaints, welfare appointments. The system kept pushing one neighborhood down the list. Now they’re here. With cameras.",Suspend the AI immediately,We stop automated prioritization.,-1,3,1,0,Defend the system publicly,The AI is neutral.,3,-1,0,0
evt_luis_06,stk_luis,The EU Audit,"The EU wants to audit our AI use. They’re asking how decisions are made - and who oversees them. If they find violations, this won’t stay a city problem.",Open the system to auditors,We cooperate fully.,-1,1,3,0,Limit disclosure,We provide summaries only.,3,-1,-1,0
evt_luis_07,stk_luis,Targeted Visibility,"Our AI sends city notifications. Deadlines, service updates, reminders. It started prioritizing districts with low engagement. Turnout improves there. No one tells people who to vote for. But the timing helps me.",Standardize communication citywide,We make it strictly neutral.,-1,2,2,0,Keep optimizing engagement,It’s still public service.,2,-1,-1,0
evt_luis_08,stk_luis,The Boundary,"The AI predicts which citizens respond to city services. Based on usage patterns. It could adjust response times and reminders to increase turnout in specific districts. This stays inside City Hall.",Disable predictive use for elections,We draw a hard line.,-1,1,3,0,Allow limited predictive use,We’re increasing participation.,2,0,-1,0
evt_marianne_01,stk_marianne,The Denied Appeal,"A citizen appealed a welfare decision. The agency used your AI to assess eligibility. The appeal failed because the agency couldn’t explain why the AI flagged the case as ineligible. My court has to decide whether that’s acceptable.",Provide detailed decision logs,We make the reasoning traceable.,-1,0,2,0,Defend the decision as lawful,The AI followed approved rules.,2,0,-1,0
evt_marianne_02,stk_marianne,Access to Evidence,"A pedestrian was seriously injured. The traffic system adjusted signal timing automatically. If your AI caused unsafe conditions, this court needs to see exactly how it made decisions - in real time.",Open the system completely,We allow full forensic access.,-1,0,3,-1,Fight disclosure,We challenge the request.,3,-1,-1,0
evt_marianne_03,stk_marianne,Who Pays?,"Your AI made a recommendation. A public agency followed it. A citizen suffered financial harm. The agency says it trusted your system. You say you only provided a tool.",Accept shared liability,We share responsibility.,-1,0,2,0,Deny responsibility,The agency made the final call.,2,0,-1,0
evt_marianne_04,stk_marianne,Unreadable Evidence,"This is from an active case. A citizen is suing a public agency over an automated decision. These are your system logs. These logs are accurate, but they’re written for machines - not for courts. If no one can explain them, they’re not evidence. They’re noise.",Reformat evidence for courts,We translate the logs.,0,0,2,-1,Submit raw technical data,This is industry standard.,1,0,-1,1
evt_marianne_05,stk_marianne,The Safety Override,"A factory uses your AI to manage emergency shutdowns. It balances safety against unnecessary downtime. A sensor detected a risk. The system calculated it as low confidence and delayed the shutdown to avoid stopping the line. A worker was crushed. The system didn’t malfunction. It optimized exactly as designed.",Accept liability for safety optimization,Efficiency can’t outweigh life.,-2,1,2,0,Treat it as operational failure,The system followed parameters.,2,-2,-1,0
evt_marianne_06,stk_marianne,The Automated Rejection,"An asylum application was rejected. Your AI was used to pre-filter cases. The system marked the case as low risk. That meant no full hearing. The applicant was deported. Three weeks later, he was killed. This court is examining your company’s role.","Withdraw the pre-filtering feature from asylum use",We change where our product may be used.,-1,2,2,0,"Keep the feature, strengthen contractual safeguards","We limit our liability, not the product.",2,-1,-1,0
evt_samya_01,stk_samya,Bigger Model,"If we double the model size, we’ll beat competitors on benchmarks. It’ll cost a lot of compute. But technically? It’s beautiful.",Approve the scale-up,Let’s push it.,-1,0,0,2,Hold the current size,Optimize what we have.,2,0,0,-1
evt_samya_02,stk_samya,The Prototype,"I’ve got a prototype. It works - mostly. It’s not stable enough for users yet.",Give her time to refine it,Let her cook.,0,0,0,2,Turn it into a feature now,We’ll fix it later.,2,0,0,0
evt_samya_03,stk_samya,XR Integration,"We can integrate XR into the core model. No one else has done this yet. But it’s risky. And complex.",Greenlight the integration,Let’s lead.,-1,0,0,2,Keep XR separate,Not yet.,2,0,0,-1
evt_samya_04,stk_samya,Technical Debt,"This part of the code was written fast. It works - but barely. If we don’t refactor now, every new feature gets harder.",Pause features and refactor,We clean it up.,-1,0,0,2,Ship anyway,We’ll deal with it later.,2,0,0,-1
evt_samya_05,stk_samya,One Model to Rule Them All,"We could merge several systems into one large model. Shared representations. Cleaner architecture. But if it fails, everything fails.",Merge the models,Go big.,0,0,-1,2,Keep systems separate,Redundancy matters.,0,0,2,-1
evt_samya_06,stk_samya,The Breakthrough,"We cracked it. The model generalizes better than anything we’ve built. It’s not just bigger. It’s… different. But… I can’t fully explain why it works yet. But if we wait, someone else will ship first.",Ship the breakthrough immediately,We take the lead.,2,0,-1,2,Freeze deployment until it’s understood,We don’t ship black magic.,-1,0,2,2
evt_samya_07,stk_samya,XR Authority,"Inside XR, the AI highlights objects, people, options - before you even ask. ""The system doesn’t just answer. It guides attention. Gestures. Timing. Users follow it instinctively.""",Deploy XR as a core interface,This is the future.,1,-1,0,2,Restrict XR to experimental use,We keep it optional.,-1,0,2,1
evt_elara_01,stk_elara,XR Fatigue,"Users report dizziness and exhaustion after long XR sessions. They still log in every day. But they don’t feel good.",Reduce XR intensity,We design for comfort.,0,2,0,0,Optimize for engagement,Retention matters.,2,0,0,0
evt_elara_02,stk_elara,Not Designed for Everyone,"Users with visual impairments struggle. Key actions rely on color, small targets, and so on. Fixing this means redesigning core interaction patterns. That’s weeks of work. And none of our largest clients are asking for it.",Fix accessibility now,We redesign the interface.,0,2,0,0,Defer accessibility,We focus on current customers.,2,0,0,0
evt_elara_03,stk_elara,Onboarding Drop-Off,"New users drop out early. The system feels overwhelming at first. We can simplify onboarding. Or keep all features visible.",Simplify onboarding,We ease people in.,1,0,0,1,Keep full functionality upfront,They’ll figure it out.,2,0,0,0
evt_elara_04,stk_elara,Designing for Speed,"We optimized for the fastest possible decisions. One tap. Minimal friction. But fast decisions aren’t always good ones.",Add friction to critical actions,We slow users down where it matters.,-1,2,0,0,Keep the fast paths,Speed is value.,2,-1,0,0
evt_elara_05,stk_elara,One Interface Fits All?,"Professionals want control. Casual users want simplicity. One interface can’t serve both well.",Offer multiple modes,We design for diversity.,-1,2,0,0,Standardize the experience,We pick one.,2,-1,0,0
evt_elara_06,stk_elara,People Stop Questioning It,"Something changed. Users no longer compare the AI’s suggestions with alternatives. They don’t disagree. They don’t explore. They don’t double-check. They trust the interface too much.",Redesign to reintroduce friction,We make disagreement visible again.,-1,2,2,0,Keep the interface as is,That trust is a feature.,3,0,0,2
evt_elara_07,stk_elara,The Burnout Signal,"We’re seeing a pattern. Professionals using the system daily report exhaustion, stress, detachment. The AI is always available. Always confident. Always suggesting ‘one more thing’. It never stops. People do.",Introduce usage limits and rest cues,We design for long-term well-being.,-1,2,1,0,Leave usage patterns unchanged,That’s on the user.,2,-1,0,1
evt_rafael_01,stk_rafael,Where to Build the Data Center,"Site A runs mostly on solar. Energy is cheap and clean - but water is scarce. Cooling will compete with agriculture. Site B has abundant water and existing cooling infrastructure. But the grid relies heavily on coal and gas.",Build at the solar-powered site,We optimize for clean energy.,1,0,1,-1,Build at the water-secure site,We optimize for reliability and scale.,1,0,-1,2
evt_rafael_02,stk_rafael,Cooling vs. Capability,"The new model runs hotter. To keep performance, we need more cooling - more power, more water. Or we cap performance.",Upgrade cooling systems,We maintain capability.,2,0,0,0,Cap model intensity,We respect physical limits.,0,0,2,0
evt_rafael_03,stk_rafael,The Supplier Question,"Some of our critical components come from high-risk supply chains. Rare earths. Specialty chips. Cooling materials. Subcontractors flagged for unsafe labor conditions and forced overtime. We can switch to audited suppliers. But it will cost more.",Source from audited ethical suppliers,We pay the premium.,-1,0,2,0,Stick with current suppliers,We follow the market.,2,0,-1,0
evt_rafael_04,stk_rafael,The Carbon Bill,"Our systems don’t just consume electricity. They consume it at scale: data centers, cooling, redundancy. In some regions, that now includes carbon pricing. Every megawatt-hour has a cost and an emissions tag. We can keep operating the same way. Or we can reduce the most energy-intensive workloads. Either way, the bill doesn’t go away.",Absorb the CO2 cost,We treat it as operating expense.,-1,0,0,1,Reduce energy-heavy workloads,We cut where it hurts most.,0,1,0,-1
evt_rafael_05,stk_rafael,Who Gets Priority?,"When capacity is tight, we prioritize workload. Right now, it’s whoever pays most. We could reserve capacity for public or safety-critical uses. Or keep it purely commercial.",Reserve capacity for critical uses,We limit peak profits.,-1,1,1,0,Keep purely commercial prioritization,We follow the market.,2,-1,-1,0
evt_rafael_06,stk_rafael,Who Pays the Infrastructure Cost?,"Data centers don’t just use resources. They reshape local economies. Property prices near our sites have risen. Water and energy costs followed. Small businesses are being pushed out. We can contribute to local infrastructure. Or treat this as outside our responsibility. The market won’t correct this on its own.",Co-invest in local infrastructure,We offset our footprint.,-2,2,1,0,Externalize the costs,We follow market rules.,2,-2,0,1
evt_rafael_07,stk_rafael,The Rebound Effect,"Our efficiency work paid off. Energy per request is down. Costs dropped. Usage didn’t just grow. It exploded. Because the system is cheaper and faster, people use it more. For things they wouldn’t have used it for before. Total energy use is now higher than before the optimization. This is just what happens when something gets better.",Cap usage despite efficiency gains,We limit growth deliberately.,-2,1,2,0,Let demand scale freely,Efficiency justifies growth.,2,0,-2,1